skill,category
Python,Programming Languages
R,Programming Languages
Data Analysis,Technical Skills
Data Wrangling,Technical Skills
Data Visualization,Technical Skills
Machine Learning,Technical Skills
Deep Learning,Technical Skills
Natural Language Processing,Technical Skills
Statistical Analysis,Technical Skills
Time Series Analysis,Technical Skills
Predictive Modeling,Technical Skills
Regression Analysis,Technical Skills
Classification,Technical Skills
Clustering,Technical Skills
Decision Trees,Technical Skills
Random Forest,Technical Skills
Gradient Boosting,Technical Skills
Support Vector Machines,Technical Skills
Neural Networks,Technical Skills
Artificial Intelligence,Technical Skills
Supervised Learning,Technical Skills
Unsupervised Learning,Technical Skills
Reinforcement Learning,Technical Skills
SQL,Programming Languages
NoSQL,Programming Languages
Database Management,Technical Skills
Data Warehousing,Technical Skills
Data Mining,Technical Skills
Big Data,Technical Skills
Hadoop,Technical Skills
Spark,Technical Skills
Data Cleaning,Technical Skills
Data Integration,Technical Skills
Data Transformation,Technical Skills
Data Engineering,Technical Skills
Data Governance,Technical Skills
Data Quality Assurance,Technical Skills
"ETL (Extract, Transform, Load)",Technical Skills
Data Pipelines,Technical Skills
API Integration,Technical Skills
Data Security,Technical Skills
Data Privacy,Technical Skills
Cloud Computing,Technical Skills
AWS (Amazon Web Services),Technical Skills
Azure,Technical Skills
Google Cloud Platform,Technical Skills
Docker,Technical Skills
Kubernetes,Technical Skills
Data Lakes,Technical Skills
Data Architecture,Technical Skills
Data Modeling,Technical Skills
Relational Databases,Technical Skills
Non-Relational Databases,Technical Skills
MongoDB,Programming Languages
PostgreSQL,Programming Languages
MySQL,Programming Languages
Oracle Database,Technical Skills
Agile Methodology,Soft Skills
Scrum,Soft Skills
Project Management,Business Skills
Team Collaboration,Soft Skills
Communication,Soft Skills
Critical Thinking,Soft Skills
Problem Solving,Soft Skills
Time Management,Soft Skills
Attention to Detail,Soft Skills
Leadership,Soft Skills
Public Speaking,Soft Skills
Presentation Skills,Soft Skills
Technical Writing,Soft Skills
Data Storytelling,Soft Skills
Business Intelligence,Business Skills
Power BI,Technical Skills
Tableau,Technical Skills
QlikView,Technical Skills
Excel,Technical Skills
Spreadsheet Modeling,Technical Skills
Market Analysis,Business Skills
Competitor Analysis,Business Skills
Customer Segmentation,Business Skills
A/B Testing,Technical Skills
Statistical Inference,Technical Skills
Bayesian Statistics,Technical Skills
Hypothesis Testing,Technical Skills
Monte Carlo Simulation,Technical Skills
Optimization Techniques,Technical Skills
Linear Programming,Technical Skills
Python Libraries,Technical Skills
Pandas,Programming Languages
NumPy,Programming Languages
SciPy,Programming Languages
Matplotlib,Programming Languages
Seaborn,Programming Languages
Scikit-Learn,Programming Languages
TensorFlow,Programming Languages
Keras,Programming Languages
PyTorch,Programming Languages
NLTK,Programming Languages
SpaCy,Programming Languages
OpenCV,Programming Languages
Feature Engineering,Technical Skills
Text Mining,Technical Skills
Data Scraping,Technical Skills
Web Scraping,Technical Skills
BeautifulSoup,Technical Skills
Selenium,Technical Skills
Regex,Programming Languages
Git,Technical Skills
Version Control,Technical Skills
Software Development,Technical Skills
Full Stack Development,Technical Skills
Front-End Development,Technical Skills
Back-End Development,Technical Skills
HTML/CSS,Programming Languages
JavaScript,Programming Languages
Java,Programming Languages
C++,Programming Languages
C#,Programming Languages
MATLAB,Programming Languages
PHP,Programming Languages
Ruby,Programming Languages
Shell Scripting,Technical Skills
Bash,Programming Languages
PowerShell,Programming Languages
Windows,Technical Skills
Linux,Technical Skills
Unix,Technical Skills
MacOS,Technical Skills
Operating Systems,Technical Skills
Networking,Technical Skills
Cybersecurity,Technical Skills
Encryption,Technical Skills
DevOps,Technical Skills
MLOps,Technical Skills
DataOps,Technical Skills
Model Deployment,Technical Skills
Model Evaluation,Technical Skills
Model Interpretability,Technical Skills
Sensitivity Analysis,Technical Skills
Data Ethics,Business Skills
Data Strategy,Business Skills
Research Design,Technical Skills
Survey Analysis,Technical Skills
Qualitative Research,Technical Skills
Quantitative Research,Technical Skills
Data Science,Business Skills
Analytics,Business Skills
Data-Driven Decision Making,Business Skills
Business Acumen,Business Skills
Customer Insights,Business Skills
Stakeholder Management,Business Skills
API Development,Technical Skills
API Testing,Technical Skills
Automation,Technical Skills
CI/CD Pipelines,Technical Skills
Data Alchemy,Technical Skills
Feature Selection,Technical Skills
Dimensionality Reduction,Technical Skills
Hyperparameter Tuning,Technical Skills
Model Validation,Technical Skills
Data Sampling,Technical Skills
Resampling Techniques,Technical Skills
Cross-Validation,Technical Skills
Model Monitoring,Technical Skills
Anomaly Detection,Technical Skills
Outlier Detection,Technical Skills
Risk Analysis,Technical Skills
Data Science Education,Business Skills
Knowledge Sharing,Soft Skills
Mentoring,Soft Skills
Experimentation,Technical Skills
Innovation,Soft Skills
Adaptability,Soft Skills
Teamwork,Soft Skills
Collaboration,Soft Skills
Negotiation,Soft Skills
Empathy,Soft Skills
